dummy,1,2
mlpack, 0.006311, 0.006145
mlpack-aux, 0.006282, 0.006601